<?xml version='1.0' encoding='UTF-8' ?>
<timeLogEntries>
  <time id="24" flag="D" />
  <time id="25" path="/Non Project/PSP Fundamentals &amp; Advanced/Program 2/Planning" start="@1603672176000" delta="40" flag="A" />
  <time id="26" path="/Non Project/PSP Fundamentals &amp; Advanced/Program 2/Design" start="@1603841681000" delta="86" interrupt="3" flag="A" />
  <time id="27" path="/Non Project/PSP Fundamentals &amp; Advanced/Program 2/Design" start="@1603931778000" delta="40" flag="A" />
  <time id="28" path="/Non Project/PSP Fundamentals &amp; Advanced/Program 2/Code" start="@1604277414000" delta="59" interrupt="3" comment="arreglando el problema de las librerias" flag="A" />
  <time id="29" path="/Non Project/PSP Fundamentals &amp; Advanced/Program 2/Code" start="@1604345877000" delta="79" flag="A" />
  <time id="30" path="/Non Project/PSP Fundamentals &amp; Advanced/Program 2/Code" start="@1604452142000" delta="277" interrupt="4" flag="A" />
  <time id="31" path="/Non Project/PSP Fundamentals &amp; Advanced/Program 2/Code" start="@1604536943000" delta="202" interrupt="3" flag="A" />
  <time id="32" path="/Non Project/PSP Fundamentals &amp; Advanced/Program 2/Code" start="@1604709802460" delta="335" interrupt="6" flag="A" />
  <time id="33" path="/Non Project/PSP Fundamentals &amp; Advanced/Program 2/Test" start="@1604743209129" delta="75" flag="A" />
  <time id="34" path="/Non Project/PSP Fundamentals &amp; Advanced/Program 2/Postmortem" start="@1604743305554" delta="15" flag="A" />
  <time id="35" path="/Non Project/PSP Fundamentals &amp; Advanced/Program 2/Test" start="@1604751435503" delta="1262" flag="A" />
  <time id="36" flag="D" />
</timeLogEntries>
