<?xml version='1.0' encoding='UTF-8' ?>
<timeLogEntries>
  <time id="1" path="/Non Project/PSP Fundamentals &amp; Advanced/Program 1/Planning" start="@1600472170000" delta="27" interrupt="2" />
  <time id="2" path="/Non Project/PSP Fundamentals &amp; Advanced/Program 1/Planning" start="@1600474713000" delta="32" comment="en este tiempo olvide poner play a una parte" />
  <time id="3" path="/Non Project/PSP Fundamentals &amp; Advanced/Program 1/Planning" start="@1600466610000" delta="9" />
  <time id="7" path="/Non Project/PSP Fundamentals &amp; Advanced/Program 1/Design" start="@1600603875000" delta="32" interrupt="2" />
  <time id="8" path="/Non Project/PSP Fundamentals &amp; Advanced/Program 1/Design" start="@1600606034000" delta="9" />
  <time id="9" path="/Non Project/PSP Fundamentals &amp; Advanced/Program 1/Design" start="@1601485101000" delta="24" comment="Actualizando el diagrama" />
  <time id="10" path="/Non Project/PSP Fundamentals &amp; Advanced/Program 1/Design" start="@1601486572000" delta="32" comment="Actualizando el diagrama" />
  <time id="11" path="/Non Project/PSP Fundamentals &amp; Advanced/Program 1/Code" start="@1600916171000" delta="35" interrupt="1" comment="algunas excepciones" />
  <time id="12" path="/Non Project/PSP Fundamentals &amp; Advanced/Program 1/Code" start="@1600903219000" delta="109" interrupt="7" comment="se agrego el stack" />
  <time id="18" path="/Non Project/PSP Fundamentals &amp; Advanced/Program 1/Test" start="@1601521455000" delta="118" interrupt="3" />
  <time id="19" path="/Non Project/PSP Fundamentals &amp; Advanced/Program 1/Code" start="@1601000810000" delta="83" interrupt="4" comment="Implementado pagar con tarjeta" />
  <time id="20" path="/Non Project/PSP Fundamentals &amp; Advanced/Program 1/Code" start="@1601177351000" delta="130" interrupt="9" comment="Metodo deshacer" />
  <time id="21" path="/Non Project/PSP Fundamentals &amp; Advanced/Program 1/Code" start="@1601264135000" delta="98" interrupt="5" comment="Metodo Borrar Cuenta" />
  <time id="22" path="/Non Project/PSP Fundamentals &amp; Advanced/Program 1/Code" start="@1601437150000" delta="42" comment="Correccion de la interfaz" />
  <time id="23" path="/Non Project/PSP Fundamentals &amp; Advanced/Program 1/Postmortem" start="@1601524978805" delta="24" />
</timeLogEntries>
